Date,Year,t,Elevation,Change,Content
1-Jan,2020,0,1090.64,0.15,10912000
2-Jan,2020,1,1090.74,0.1,10921000
3-Jan,2020,2,1090.84,0.1,10930000
4-Jan,2020,3,1090.94,0.1,10938000
5-Jan,2020,4,1091.06,0.12,10949000
6-Jan,2020,5,1091.19,0.13,10960000
7-Jan,2020,6,1091.37,0.18,10976000
8-Jan,2020,7,1091.47,0.1,10984334
9-Jan,2020,8,1091.63,0.16,10998242
10-Jan,2020,9,1091.77,0.14,11010417
11-Jan,2020,10,1091.98,0.21,11028678
12-Jan,2020,11,1092.12,0.14,11040874
13-Jan,2020,12,1092.3,0.18,11056560
14-Jan,2020,13,1092.46,0.16,11070502
15-Jan,2020,14,1092.56,0.1,11079226
16-Jan,2020,15,1092.69,0.13,11090575
17-Jan,2020,16,1092.85,0.16,11104543
18-Jan,2020,17,1093.04,0.19,11121000
19-Jan,2020,18,1093.24,0.2,11139000
20-Jan,2020,19,1093.37,0.13,11150000
21-Jan,2020,20,1093.45,0.08,11157000
22-Jan,2020,21,1093.58,0.13,11168000
23-Jan,2020,22,1093.72,0.14,11181000
24-Jan,2020,23,1093.83,0.11,11190000
25-Jan,2020,24,1093.96,0.13,11202000
26-Jan,2020,25,1094.06,0.1,11210000
27-Jan,2020,26,1094.23,0.17,11225000
28-Jan,2020,27,1094.35,0.12,11236000
29-Jan,2020,28,1094.44,0.09,11244000
30-Jan,2020,29,1094.54,0.1,11253000
31-Jan,2020,30,1094.68,0.14,11264958
1-Feb,2020,31,1094.78,0.24,11274000
2-Feb,2020,32,1094.79,0.01,11275000
3-Feb,2020,33,1094.85,0.06,11280000
4-Feb,2020,34,1094.82,-0.03,11277000
5-Feb,2020,35,1094.83,0.01,11278000
6-Feb,2020,36,1094.85,0.02,11280000
7-Feb,2020,37,1094.95,0.1,11289000
8-Feb,2020,38,1095.04,0.09,11297000
9-Feb,2020,39,1095.09,0.05,11301000
10-Feb,2020,40,1095.19,0.1,11310000
11-Feb,2020,41,1095.21,0.02,11312000
12-Feb,2020,42,1095.19,-0.02,11310000
13-Feb,2020,43,1095.21,0.02,11312000
14-Feb,2020,44,1095.28,0.07,11318000
15-Feb,2020,45,1095.38,0.1,11326000
16-Feb,2020,46,1095.48,0.1,11335000
17-Feb,2020,47,1095.56,0.08,11342000
18-Feb,2020,48,1095.58,0.02,11344000
19-Feb,2020,49,1095.66,0.08,11351000
20-Feb,2020,50,1095.69,0.03,11354000
21-Feb,2020,51,1095.73,0.04,11357000
22-Feb,2020,52,1095.87,0.14,11369000
23-Feb,2020,53,1095.97,0.24,11378000
24-Feb,2020,54,1096.02,0.05,11383000
25-Feb,2020,55,1096.02,0,11383000
26-Feb,2020,56,1096.03,0.01,11384000
27-Feb,2020,57,1096.1,0.07,11390000
28-Feb,2020,58,1096.15,0.05,11394072
29-Feb,2020,59,1096.27,0.12,11404632
1-Mar,2020,60,1096.38,0.28,11414000
2-Mar,2020,61,1096.29,-0.09,11406000
3-Mar,2020,62,1096.22,-0.07,11400000
4-Mar,2020,63,1096.14,-0.08,11393000
5-Mar,2020,64,1096.07,-0.07,11387000
6-Mar,2020,65,1096,-0.07,11381000
7-Mar,2020,66,1095.96,-0.04,11377000
8-Mar,2020,67,1095.89,-0.07,11371000
9-Mar,2020,68,1095.78,-0.11,11362000
10-Mar,2020,69,1095.75,-0.03,11359000
11-Mar,2020,70,1095.78,0.03,11362000
12-Mar,2020,71,1095.78,0,11362000
13-Mar,2020,72,1095.99,0.21,11380000
14-Mar,2020,73,1096.24,0.25,11402000
15-Mar,2020,74,1096.41,0.17,11417000
16-Mar,2020,75,1096.53,0.12,11428000
17-Mar,2020,76,1096.66,0.13,11439000
18-Mar,2020,77,1096.87,0.21,11457000
19-Mar,2020,78,1097.12,0.25,11480000
20-Mar,2020,79,1097.41,0.29,11505000
21-Mar,2020,80,1097.68,0.27,11529000
22-Mar,2020,81,1097.94,0.26,11552000
23-Mar,2020,82,1098.09,0.15,11565000
24-Mar,2020,83,1098.19,0.1,11574000
25-Mar,2020,84,1098.24,0.05,11579000
26-Mar,2020,85,1098.37,0.13,11590000
27-Mar,2020,86,1098.46,0.09,11598000
28-Mar,2020,87,1098.56,0.1,11607000
29-Mar,2020,88,1098.62,0.06,11612000
30-Mar,2020,89,1098.65,0.03,11615000
31-Mar,2020,90,1098.59,-0.06,11610000
1-Apr,2020,91,1098.5,-0.09,11602000
2-Apr,2020,92,1098.41,-0.09,11594000
3-Apr,2020,93,1098.28,-0.13,11582000
4-Apr,2020,94,1098.19,-0.09,11574000
5-Apr,2020,95,1098.12,-0.07,11568000
6-Apr,2020,96,1097.97,-0.15,11555000
7-Apr,2020,97,1097.81,-0.16,11541000
8-Apr,2020,98,1097.59,-0.22,11521000
9-Apr,2020,99,1097.47,-0.12,11510000
10-Apr,2020,100,1097.42,-0.05,11506000
11-Apr,2020,101,1097.41,-0.01,11505000
12-Apr,2020,102,1097.45,0.04,11509000
13-Apr,2020,103,1097.47,0.02,11510000
14-Apr,2020,104,1097.42,-0.05,11506000
15-Apr,2020,105,1097.39,-0.03,11503391
16-Apr,2020,106,1097.42,0.03,11506041
17-Apr,2020,107,1097.42,0,11506041
18-Apr,2020,108,1097.49,0.07,11512223
19-Apr,2020,109,1097.57,0.08,11519300
20-Apr,2020,110,1097.59,0.02,11521070
21-Apr,2020,111,1097.5,-0.09,11513107
22-Apr,2020,112,1097.34,-0.16,11499000
23-Apr,2020,113,1097.21,-0.13,11487493
24-Apr,2020,114,1097.09,-0.12,11476894
25-Apr,2020,115,1097.07,-0.02,11475128
26-Apr,2020,116,1097.02,-0.05,11470712
27-Apr,2020,117,1096.96,-0.06,11465420
28-Apr,2020,118,1096.87,-0.09,11457486
29-Apr,2020,119,1096.61,-0.26,11434568
30-Apr,2020,120,1096.39,-0.22,11415192
1-May,2020,121,1096.22,-0.17,11400232
2-May,2020,122,1096.15,-0.07,11394072
3-May,2020,123,1096.08,-0.07,11387912
4-May,2020,124,1095.9,-0.18,11372000
5-May,2020,125,1095.7,-0.2,11354522
6-May,2020,126,1095.52,-0.18,11338711
7-May,2020,127,1095.29,-0.23,11318543
8-May,2020,128,1095.06,-0.23,11298378
9-May,2020,129,1094.92,-0.14,11286078
10-May,2020,130,1094.82,-0.1,11277278
11-May,2020,131,1094.62,-0.2,11259678
12-May,2020,132,1094.49,-0.13,11248239
13-May,2020,133,1094.37,-0.12,11237701
14-May,2020,134,1094.21,-0.16,11223650
15-May,2020,135,1094.09,-0.12,11213111
16-May,2020,136,1094,-0.09,11205208
17-May,2020,137,1093.9,-0.1,11196442
18-May,2020,138,1093.74,-0.16,11182416
19-May,2020,139,1093.6,-0.14,11170144
20-May,2020,140,1093.45,-0.15,11157004
21-May,2020,141,1093.29,-0.16,11143007
22-May,2020,142,1093.13,-0.16,11129010
23-May,2020,143,1093.01,-0.12,11118512
24-May,2020,144,1092.87,-0.14,11106289
25-May,2020,145,1092.68,-0.19,11089702
26-May,2020,146,1092.45,-0.23,11069631
27-May,2020,147,1092.13,-0.32,11041746
28-May,2020,148,1091.88,-0.25,11019982
29-May,2020,149,1091.63,-0.25,10998242
30-May,2020,150,1091.47,-0.16,10984334
31-May,2020,151,1091.32,-0.15,10971317
1-Jun,2020,152,1091.17,-0.15,10958300
2-Jun,2020,153,1091.01,-0.16,10944415
3-Jun,2020,154,1090.81,-0.2,10927000
4-Jun,2020,155,1090.64,-0.17,10912364
5-Jun,2020,156,1090.46,-0.18,10896779
6-Jun,2020,157,1090.37,-0.09,10888998
7-Jun,2020,158,1090.37,0,10888998
8-Jun,2020,159,1090.24,-0.13,10878000
9-Jun,2020,160,1090.06,-0.18,10862195
10-Jun,2020,161,1089.87,-0.19,10845794
11-Jun,2020,162,1089.63,-0.24,10825091
12-Jun,2020,163,1089.45,-0.18,10809573
13-Jun,2020,164,1089.42,-0.03,10806990
14-Jun,2020,165,1089.38,-0.04,10803546
15-Jun,2020,166,1089.24,-0.14,10791492
16-Jun,2020,167,1089.01,-0.23,10772000
17-Jun,2020,168,1088.81,-0.2,10754503
18-Jun,2020,169,1088.69,-0.12,10744192
19-Jun,2020,170,1088.55,-0.14,10732164
20-Jun,2020,171,1088.45,-0.1,10723581
21-Jun,2020,172,1088.35,-0.1,10715007
22-Jun,2020,173,1088.18,-0.17,10700431
23-Jun,2020,174,1087.97,-0.21,10682431
24-Jun,2020,175,1087.75,-0.22,10664000
25-Jun,2020,176,1087.57,-0.18,10648000
26-Jun,2020,177,1087.48,-0.09,10640510
27-Jun,2020,178,1087.42,-0.06,10635386
28-Jun,2020,179,1087.3,-0.12,10625138
29-Jun,2020,180,1087.22,-0.08,10618306
30-Jun,2020,181,1087.07,-0.15,10605496
1-Jul,2020,182,1086.88,-0.19,10589291
2-Jul,2020,183,1086.72,-0.16,10575656
3-Jul,2020,184,1086.63,-0.09,10567986
4-Jul,2020,185,1086.62,-0.01,10567134
5-Jul,2020,186,1086.71,0.09,10574804
6-Jul,2020,187,1086.71,0,10574804
7-Jul,2020,188,1086.36,-0.35,10545002
8-Jul,2020,189,1086.21,-0.15,10532246
9-Jul,2020,190,1086.12,-0.09,10524592
10-Jul,2020,191,1086.06,-0.06,10519490
11-Jul,2020,192,1086.02,-0.04,10516088
12-Jul,2020,193,1086.02,0,10516088
13-Jul,2020,194,1085.95,-0.07,10510144
14-Jul,2020,195,1085.8,-0.15,10497412
15-Jul,2020,196,1085.67,-0.13,10486377
16-Jul,2020,197,1085.58,-0.09,10478738
17-Jul,2020,198,1085.54,-0.04,10475343
18-Jul,2020,199,1085.54,0,10475343
19-Jul,2020,200,1085.55,0.01,10476192
20-Jul,2020,201,1085.56,0.01,10477040
21-Jul,2020,202,1085.41,-0.15,10464326
22-Jul,2020,203,1085.24,-0.17,10449931
23-Jul,2020,204,1085.16,-0.08,10443156
24-Jul,2020,205,1085.12,-0.04,10439769
25-Jul,2020,206,1085.1,-0.02,10438076
26-Jul,2020,207,1085.11,0.01,10438922
27-Jul,2020,208,1085.04,-0.07,10432995
28-Jul,2020,209,1084.91,-0.13,10422001
29-Jul,2020,210,1084.73,-0.18,10406787
30-Jul,2020,211,1084.67,-0.06,10401716
31-Jul,2020,212,1084.63,-0.04,10398335
1-Aug,2020,213,1084.56,-0.07,10392000
2-Aug,2020,214,1084.57,0.01,10393000
3-Aug,2020,215,1084.48,-0.09,10385661
4-Aug,2020,216,1084.34,-0.14,10374000
5-Aug,2020,217,1084.23,-0.11,10364576
6-Aug,2020,218,1084.21,-0.02,10362889
7-Aug,2020,219,1084.19,-0.02,10361202
8-Aug,2020,220,1084.23,0.04,10364576
9-Aug,2020,221,1084.32,0.09,10372000
10-Aug,2020,222,1084.26,-0.06,10367106
11-Aug,2020,223,1084.14,-0.12,10356985
12-Aug,2020,224,1084.02,-0.12,10346864
13-Aug,2020,225,1083.95,-0.07,10340970
14-Aug,2020,226,1083.91,-0.04,10337603
15-Aug,2020,227,1083.94,0.03,10340128
16-Aug,2020,228,1083.98,0.04,10343494
17-Aug,2020,229,1083.95,-0.03,10340970
18-Aug,2020,230,1083.78,-0.17,10326662
19-Aug,2020,231,1083.69,-0.09,10319088
20-Aug,2020,232,1083.69,0,10319088
21-Aug,2020,233,1083.71,0.02,10320771
22-Aug,2020,234,1083.79,0.08,10327504
23-Aug,2020,235,1083.88,0.09,10335078
24-Aug,2020,236,1083.86,-0.02,10333000
25-Aug,2020,237,1083.86,0,10333000
26-Aug,2020,238,1083.8,-0.06,10328000
27-Aug,2020,239,1083.78,-0.02,10327000
28-Aug,2020,240,1083.81,0.03,10329000
29-Aug,2020,241,1083.9,0.09,10337000
30-Aug,2020,242,1084.02,0.12,10347000
31-Aug,2020,243,1084.04,0.02,10349000
1-Sep,2020,244,1084.05,0.01,10349000
2-Sep,2020,245,1084.07,0.02,10351000
3-Sep,2020,246,1084.21,0.14,10362889
4-Sep,2020,247,1084.25,0.04,10366263
5-Sep,2020,248,1084.27,0.02,10367949
6-Sep,2020,249,1084.2,-0.07,10362046
7-Sep,2020,250,1084.08,-0.12,10352000
8-Sep,2020,251,1084.03,-0.05,10347708
9-Sep,2020,252,1083.97,-0.06,10342653
10-Sep,2020,253,1083.9,-0.07,10337000
11-Sep,2020,254,1083.86,-0.04,10333000
12-Sep,2020,255,1083.88,0.02,10335000
13-Sep,2020,256,1083.88,0,10335000
14-Sep,2020,257,1083.84,-0.04,10332000
15-Sep,2020,258,1083.82,-0.02,10330000
16-Sep,2020,259,1083.73,-0.09,10322000
17-Sep,2020,260,1083.66,-0.07,10317000
18-Sep,2020,261,1083.6,-0.06,10312000
19-Sep,2020,262,1083.64,0.04,10315000
20-Sep,2020,263,1083.64,0,10315000
21-Sep,2020,264,1083.58,-0.06,10310000
22-Sep,2020,265,1083.55,-0.03,10307000
23-Sep,2020,266,1083.51,-0.04,10303939
24-Sep,2020,267,1083.44,-0.07,10298000
25-Sep,2020,268,1083.39,-0.05,10294000
26-Sep,2020,269,1083.41,0.02,10296000
27-Sep,2020,270,1083.44,0.03,10298000
28-Sep,2020,271,1083.36,-0.08,10291338
29-Sep,2020,272,1083.26,-0.1,10283000
30-Sep,2020,273,1083.21,-0.05,10279000
1-Oct,2020,274,1083.12,-0.09,10271000
2-Oct,2020,275,1083.1,-0.02,10269000
3-Oct,2020,276,1083.16,0.06,10275000
4-Oct,2020,277,1083.22,0.06,10280000
5-Oct,2020,278,1083.18,-0.04,10276000
6-Oct,2020,279,1083.15,-0.03,10274000
7-Oct,2020,280,1083.12,-0.03,10271178
8-Oct,2020,281,1083.09,-0.03,10269000
9-Oct,2020,282,1083.1,0.01,10269498
10-Oct,2020,283,1083.13,0.03,10272000
11-Oct,2020,284,1083.26,0.13,10283000
12-Oct,2020,285,1083.16,-0.1,10275000
13-Oct,2020,286,1083.07,-0.09,10267000
14-Oct,2020,287,1082.97,-0.1,10259000
15-Oct,2020,288,1082.88,-0.09,10251000
16-Oct,2020,289,1082.78,-0.1,10243000
17-Oct,2020,290,1082.78,0,10243000
18-Oct,2020,291,1082.76,-0.02,10241000
19-Oct,2020,292,1082.68,-0.08,10234000
20-Oct,2020,293,1082.57,-0.11,10225000
21-Oct,2020,294,1082.46,-0.11,10216000
22-Oct,2020,295,1082.38,-0.08,10209000
23-Oct,2020,296,1082.31,-0.07,10203000
24-Oct,2020,297,1082.28,-0.03,10201000
25-Oct,2020,298,1082.34,0.06,10206000
26-Oct,2020,299,1082.21,-0.13,10195000
27-Oct,2020,300,1082.09,-0.12,10185000
28-Oct,2020,301,1081.98,-0.11,10176000
29-Oct,2020,302,1081.94,-0.04,10172000
30-Oct,2020,303,1081.88,-0.06,10167000
31-Oct,2020,304,1081.88,0,10167000
1-Nov,2020,305,1081.84,-0.04,10164024
2-Nov,2020,306,1081.78,-0.06,10159000
3-Nov,2020,307,1081.69,-0.09,10152000
4-Nov,2020,308,1081.59,-0.1,10143000
5-Nov,2020,309,1081.55,-0.04,10140000
6-Nov,2020,310,1081.54,-0.01,10139000
7-Nov,2020,311,1081.56,0.02,10141000
8-Nov,2020,312,1081.57,0.01,10141000
9-Nov,2020,313,1081.55,-0.02,10140000
10-Nov,2020,314,1081.49,-0.06,10135000
11-Nov,2020,315,1081.41,-0.08,10128000
12-Nov,2020,316,1081.33,-0.08,10121000
13-Nov,2020,317,1081.27,-0.06,10116000
14-Nov,2020,318,1081.26,-0.01,10116000
15-Nov,2020,319,1081.32,0.06,10121000
16-Nov,2020,320,1081.29,-0.03,10118000
17-Nov,2020,321,1081.26,-0.03,10116000
18-Nov,2020,322,1081.18,-0.08,10109000
19-Nov,2020,323,1081.16,-0.02,10107000
20-Nov,2020,324,1081.14,-0.02,10106000
21-Nov,2020,325,1081.19,0.05,10110000
22-Nov,2020,326,1081.22,0.03,10112000
23-Nov,2020,327,1081.19,-0.03,10110000
24-Nov,2020,328,1081.13,-0.06,10105000
25-Nov,2020,329,1081.08,-0.05,10101000
26-Nov,2020,330,1081.04,-0.04,10097000
27-Nov,2020,331,1081.06,0.02,10099000
28-Nov,2020,332,1081.06,0,10099000
29-Nov,2020,333,1081.04,-0.02,10097000
30-Nov,2020,334,1081.07,0.03,10100000
1-Dec,2020,335,1081.19,0.12,10110000
2-Dec,2020,336,1081.17,-0.02,10108000
3-Dec,2020,337,1081.26,0.09,10116000
4-Dec,2020,338,1081.38,0.12,10126000
5-Dec,2020,339,1081.54,0.16,10139000
6-Dec,2020,340,1081.69,0.15,10152000
7-Dec,2020,341,1081.8,0.11,10161000
8-Dec,2020,342,1081.86,0.06,10166000
9-Dec,2020,343,1081.94,0.08,10172000
10-Dec,2020,344,1082.01,0.07,10178000
11-Dec,2020,345,1082.12,0.11,10187000
12-Dec,2020,346,1082.26,0.14,10199000
13-Dec,2020,347,1082.3,0.04,10202000
14-Dec,2020,348,1082.47,0.17,10217000
15-Dec,2020,349,1082.55,0.08,10223000
16-Dec,2020,350,1082.61,0.06,10228416
17-Dec,2020,351,1082.71,0.1,10237000
18-Dec,2020,352,1082.81,0.1,10245000
19-Dec,2020,353,1082.96,0.15,10258000
20-Dec,2020,354,1083.09,0.13,10269000
21-Dec,2020,355,1083.19,0.1,10277000
22-Dec,2020,356,1083.24,0.05,10281000
23-Dec,2020,357,1083.3,0.06,10286000
24-Dec,2020,358,1083.35,0.05,10290000
25-Dec,2020,359,1083.42,0.07,10296000
26-Dec,2020,360,1083.52,0.1,10305000
27-Dec,2020,361,1083.56,0.04,10308147
28-Dec,2020,362,1083.57,0.05,10309000
29-Dec,2020,363,1083.62,0.05,10313000
30-Dec,2020,364,1083.64,0.02,10315000
31-Dec,2020,365,1083.72,0.08,10322000
1-Jan,2021,0,1083.79,0.07,10328000
2-Jan,2021,1,1083.87,0.08,10334000
3-Jan,2021,2,1083.89,0.02,10336000
4-Jan,2021,3,1083.96,0.07,10341811
5-Jan,2021,4,1084.01,0.05,10346021
6-Jan,2021,5,1084.08,0.07,10351925
7-Jan,2021,6,1084.16,0.08,10358672
8-Jan,2021,7,1084.29,0.13,10370000
9-Jan,2021,8,1084.41,0.12,10380000
10-Jan,2021,9,1084.53,0.12,10390000
11-Jan,2021,10,1084.61,0.08,10397000
12-Jan,2021,11,1084.62,0.01,10397000
13-Jan,2021,12,1084.69,0.07,10403000
14-Jan,2021,13,1084.79,0.1,10412000
15-Jan,2021,14,1084.91,0.12,10422000
16-Jan,2021,15,1085.04,0.13,10433000
17-Jan,2021,16,1085.08,0.04,10436000
18-Jan,2021,17,1085.19,0.11,10446000
19-Jan,2021,18,1085.18,-0.01,10445000
20-Jan,2021,19,1085.17,-0.01,10444000
21-Jan,2021,20,1085.27,0.1,10452000
22-Jan,2021,21,1085.33,0.06,10458000
23-Jan,2021,22,1085.43,0.1,10466000
24-Jan,2021,23,1085.48,0.05,10470000
25-Jan,2021,24,1085.54,0.06,10475000
26-Jan,2021,25,1085.52,-0.02,10474000
27-Jan,2021,26,1085.55,0.03,10476000
28-Jan,2021,27,1085.67,0.12,10486000
29-Jan,2021,28,1085.75,0.08,10493000
30-Jan,2021,29,1085.85,0.1,10502000
31-Jan,2021,30,1085.95,0.1,10510000
1-Feb,2021,31,1086.11,0.16,10524000
2-Feb,2021,32,1086.26,0.15,10536000
3-Feb,2021,33,1086.38,0.12,10547000
4-Feb,2021,34,1086.53,0.15,10559000
5-Feb,2021,35,1086.71,0.18,10575000
6-Feb,2021,36,1086.87,0.16,10588000
7-Feb,2021,37,1087.01,0.14,10600000
8-Feb,2021,38,1087.08,0.07,10606000
9-Feb,2021,39,1087.07,-0.01,10605000
10-Feb,2021,40,1087.08,0.01,10606000
11-Feb,2021,41,1087.11,0.03,10609000
12-Feb,2021,42,1087.21,0.1,10617000
13-Feb,2021,43,1087.31,0.1,10626000
14-Feb,2021,44,1087.35,0.04,10629000
15-Feb,2021,45,1087.17,-0.18,10614000
16-Feb,2021,46,1087.07,-0.1,10605000
17-Feb,2021,47,1086.95,-0.12,10595000
18-Feb,2021,48,1086.97,0.02,10597000
19-Feb,2021,49,1087.01,0.04,10600000
20-Feb,2021,50,1087.03,0.02,10602000
21-Feb,2021,51,1087.11,0.08,10609000
22-Feb,2021,52,1087.11,0,10609000
23-Feb,2021,53,1087.12,0.01,10610000
24-Feb,2021,54,1087.15,0.03,10612000
25-Feb,2021,55,1087.17,0.02,10614000
26-Feb,2021,56,1087.18,0.01,10615000
27-Feb,2021,57,1087.2,0.02,10617000
28-Feb,2021,58,1087.26,0.06,10622000
1-Mar,2021,59,1087.2,-0.06,10617000
2-Mar,2021,60,1087.16,-0.04,10613182
3-Mar,2021,61,1087.14,-0.02,10611000
4-Mar,2021,62,1087.07,-0.07,10605000
5-Mar,2021,63,1087.01,-0.06,10600000
6-Mar,2021,64,1087.03,0.02,10602000
7-Mar,2021,65,1087.07,0.04,10605000
8-Mar,2021,66,1086.88,-0.19,10589000
9-Mar,2021,67,1086.78,-0.1,10581000
10-Mar,2021,68,1086.65,-0.13,10570000
11-Mar,2021,69,1086.51,-0.14,10558000
12-Mar,2021,70,1086.36,-0.15,10545000
13-Mar,2021,71,1086.26,-0.1,10536000
14-Mar,2021,72,1086.18,-0.08,10530000
15-Mar,2021,73,1086.05,-0.13,10519000
16-Mar,2021,74,1085.93,-0.12,10508000
17-Mar,2021,75,1085.8,-0.13,10497000
18-Mar,2021,76,1085.61,-0.19,10481000
19-Mar,2021,77,1085.29,-0.32,10454000
20-Mar,2021,78,1085.12,-0.17,10440000
21-Mar,2021,79,1084.97,-0.15,10427000
22-Mar,2021,80,1084.67,-0.3,10402000
23-Mar,2021,81,1084.39,-0.28,10378000
24-Mar,2021,82,1084.33,-0.06,10373000
25-Mar,2021,83,1084.37,0.04,10376000
26-Mar,2021,84,1084.47,0.1,10385000
27-Mar,2021,85,1084.58,0.11,10394000
28-Mar,2021,86,1084.65,0.07,10400000
29-Mar,2021,87,1084.64,-0.01,10399000
30-Mar,2021,88,1084.51,-0.13,10388000
31-Mar,2021,89,1084.39,-0.12,10378000
1-Apr,2021,90,1084.33,-0.06,10373010
2-Apr,2021,91,1084.23,-0.1,10365000
3-Apr,2021,92,1084.12,-0.11,10355000
4-Apr,2021,93,1084.01,-0.11,10346000
5-Apr,2021,94,1083.83,-0.18,10331000
6-Apr,2021,95,1083.72,-0.11,10322000
7-Apr,2021,96,1083.56,-0.16,10308000
8-Apr,2021,97,1083.4,-0.16,10295000
9-Apr,2021,98,1083.23,-0.17,10280000
10-Apr,2021,99,1083.08,-0.15,10267818
11-Apr,2021,100,1083.04,-0.04,10264458
12-Apr,2021,101,1082.86,-0.18,10249366
13-Apr,2021,102,1082.74,-0.12,10239000
14-Apr,2021,103,1082.48,-0.26,10218000
15-Apr,2021,104,1082.33,-0.15,10205000
16-Apr,2021,105,1082.22,-0.11,10196000
17-Apr,2021,106,1082.08,-0.14,10184000
18-Apr,2021,107,1081.98,-0.1,10176000
19-Apr,2021,108,1081.85,-0.13,10165000
20-Apr,2021,109,1081.57,-0.28,10141000
21-Apr,2021,110,1081.34,-0.23,10122000
22-Apr,2021,111,1081.1,-0.24,10102000
23-Apr,2021,112,1080.88,-0.22,10084000
24-Apr,2021,113,1080.61,-0.27,10061589
25-Apr,2021,114,1080.43,-0.18,10046642
26-Apr,2021,115,1080.22,-0.21,10029000
27-Apr,2021,116,1080.03,-0.19,10013000
28-Apr,2021,117,1079.81,-0.22,9995000
29-Apr,2021,118,1079.56,-0.25,9975000
30-Apr,2021,119,1079.3,-0.26,9953000
1-May,2021,120,1079.07,-0.23,9934000
2-May,2021,121,1078.92,-0.15,9922000
3-May,2021,122,1078.73,-0.19,9906000
4-May,2021,123,1078.46,-0.27,9884000
5-May,2021,124,1078.21,-0.25,9863000
6-May,2021,125,1077.98,-0.23,9844000
7-May,2021,126,1077.7,-0.28,9821000
8-May,2021,127,1077.56,-0.14,9810000
9-May,2021,128,1077.49,-0.07,9804000
10-May,2021,129,1077.32,-0.17,9790000
11-May,2021,130,1077.15,-0.17,9776000
12-May,2021,131,1076.95,-0.2,9760000
13-May,2021,132,1076.8,-0.15,9748000
14-May,2021,133,1076.6,-0.2,9731000
15-May,2021,134,1076.46,-0.14,9720000
16-May,2021,135,1076.41,-0.05,9716000
17-May,2021,136,1076.32,-0.09,9708000
18-May,2021,137,1076.28,-0.04,9705000
19-May,2021,138,1075.86,-0.42,9671000
20-May,2021,139,1075.65,-0.21,9654000
21-May,2021,140,1075.48,-0.17,9640000
22-May,2021,141,1075.35,-0.13,9629000
23-May,2021,142,1075.28,-0.07,9624000
24-May,2021,143,1075.02,-0.26,9603000
25-May,2021,144,1074.74,-0.28,9580000
26-May,2021,145,1074.48,-0.26,9559000
27-May,2021,146,1074.21,-0.27,9537000
28-May,2021,147,1074,-0.21,9520008
29-May,2021,148,1073.82,-0.18,9505478
30-May,2021,149,1073.67,-0.15,9493370
31-May,2021,150,1073.5,-0.17,9480000
1-Jun,2021,151,1073.19,-0.31,9455000
2-Jun,2021,152,1072.87,-0.32,9429000
3-Jun,2021,153,1072.53,-0.34,9402000
4-Jun,2021,154,1072.34,-0.19,9386000
5-Jun,2021,155,1072.19,-0.15,9374000
6-Jun,2021,156,1072.12,-0.07,9369000
7-Jun,2021,157,1071.92,-0.2,9353000
8-Jun,2021,158,1071.77,-0.15,9341000
9-Jun,2021,159,1071.57,-0.2,9325000
10-Jun,2021,160,1071.44,-0.13,9314000
11-Jun,2021,161,1071.31,-0.13,9304000
12-Jun,2021,162,1071.23,-0.08,9297000
13-Jun,2021,163,1071.11,-0.12,9288000
14-Jun,2021,164,1070.99,-0.12,9278000
15-Jun,2021,165,1070.76,-0.23,9260000
16-Jun,2021,166,1070.6,-0.16,9247000
17-Jun,2021,167,1070.45,-0.15,9235000
18-Jun,2021,168,1070.28,-0.17,9222000
19-Jun,2021,169,1070.23,-0.05,9218000
20-Jun,2021,170,1070.23,0,9218000
21-Jun,2021,171,1070.05,-0.18,9203000
22-Jun,2021,172,1069.85,-0.2,9188000
23-Jun,2021,173,1069.66,-0.19,9173000
24-Jun,2021,174,1069.61,-0.05,9169000
25-Jun,2021,175,1069.47,-0.14,9157000
26-Jun,2021,176,1069.44,-0.03,9155000
27-Jun,2021,177,1069.4,-0.04,9151910
28-Jun,2021,178,1069.17,-0.23,9134000
29-Jun,2021,179,1069.04,-0.13,9123000
30-Jun,2021,180,1068.77,-0.27,9102000
1-Jul,2021,181,1068.66,-0.11,9093000
2-Jul,2021,182,1068.54,-0.12,9084000
3-Jul,2021,183,1068.52,-0.02,9082000
4-Jul,2021,184,1068.54,0.02,9084000
5-Jul,2021,185,1068.55,0.01,9085000
6-Jul,2021,186,1068.47,-0.08,9078000
7-Jul,2021,187,1068.32,-0.15,9067000
8-Jul,2021,188,1068.16,-0.16,9054000
9-Jul,2021,189,1068.08,-0.08,9048000
10-Jul,2021,190,1068.08,0,9048000
11-Jul,2021,191,1068.08,0,9048000
12-Jul,2021,192,1067.94,-0.14,9037000
13-Jul,2021,193,1067.86,-0.08,9030000
14-Jul,2021,194,1067.85,-0.01,9030000
15-Jul,2021,195,1067.67,-0.18,9015000
16-Jul,2021,196,1067.75,0.08,9022000
17-Jul,2021,197,1067.82,0.07,9027000
18-Jul,2021,198,1067.89,0.07,9033000
19-Jul,2021,199,1067.9,0.01,9033000
20-Jul,2021,200,1067.79,-0.11,9025000
21-Jul,2021,201,1067.67,-0.12,9015376
22-Jul,2021,202,1067.6,-0.07,9009872
23-Jul,2021,203,1067.59,-0.01,9009000
24-Jul,2021,204,1067.61,0.02,9011000
25-Jul,2021,205,1067.82,0.21,9027000
26-Jul,2021,206,1067.79,-0.03,9024813
27-Jul,2021,207,1067.71,-0.08,9019000
28-Jul,2021,208,1067.64,-0.07,9013000
29-Jul,2021,209,1067.51,-0.13,9003000
30-Jul,2021,210,1067.57,0.06,9008000
31-Jul,2021,211,1067.65,0.08,9014000
1-Aug,2021,212,1067.83,0.18,9028000
2-Aug,2021,213,1067.85,0.02,9030000
3-Aug,2021,214,1067.89,0.04,9033000
4-Aug,2021,215,1067.81,-0.08,9026000
5-Aug,2021,216,1067.7,-0.11,9018000
6-Aug,2021,217,1067.66,-0.04,9015000
7-Aug,2021,218,1067.73,0.07,9020000
8-Aug,2021,219,1067.81,0.08,9026000
9-Aug,2021,220,1067.87,0.06,9031000
10-Aug,2021,221,1067.85,-0.02,9030000
11-Aug,2021,222,1067.78,-0.07,9024000
12-Aug,2021,223,1067.8,0.02,9026000
13-Aug,2021,224,1067.67,-0.13,9015000
14-Aug,2021,225,1067.66,-0.01,9015000
15-Aug,2021,226,1067.68,0.02,9016000
16-Aug,2021,227,1067.67,-0.01,9015000
17-Aug,2021,228,1067.6,-0.07,9010000
18-Aug,2021,229,1067.53,-0.07,9004000
19-Aug,2021,230,1067.55,0.02,9006000
20-Aug,2021,231,1067.62,0.07,9011000
21-Aug,2021,232,1067.73,0.11,9020000
22-Aug,2021,233,1067.85,0.12,9030000
23-Aug,2021,234,1068,0.15,9041000
24-Aug,2021,235,1068.05,0.05,9045000
25-Aug,2021,236,1068.05,0,9045000
26-Aug,2021,237,1068,-0.05,9041000
27-Aug,2021,238,1067.91,-0.09,9034000
28-Aug,2021,239,1067.91,0,9034000
29-Aug,2021,240,1068.01,0.1,9042000
30-Aug,2021,241,1068,-0.01,9041000
31-Aug,2021,242,1067.96,-0.04,9038000
1-Sep,2021,243,1067.92,-0.04,9035000
2-Sep,2021,244,1067.95,0.03,9037000
3-Sep,2021,245,1067.94,-0.01,9037000
4-Sep,2021,246,1067.96,0.02,9038000
5-Sep,2021,247,1067.93,-0.03,9036000
6-Sep,2021,248,1067.86,-0.07,9030000
7-Sep,2021,249,1067.8,-0.06,9026000
8-Sep,2021,250,1067.72,-0.08,9019000
9-Sep,2021,251,1067.64,-0.08,9013000
10-Sep,2021,252,1067.6,-0.04,9010000
11-Sep,2021,253,1067.66,0.06,9015000
12-Sep,2021,254,1067.72,0.06,9019000
13-Sep,2021,255,1067.6,-0.12,9010000
14-Sep,2021,256,1067.59,-0.01,9009000
15-Sep,2021,257,1067.57,-0.02,9008000
16-Sep,2021,258,1067.56,-0.01,9007000
17-Sep,2021,259,1067.56,0,9007000
18-Sep,2021,260,1067.61,0.05,9011000
19-Sep,2021,261,1067.63,0.02,9012000
20-Sep,2021,262,1067.64,0.01,9013000
21-Sep,2021,263,1067.61,-0.03,9010658
22-Sep,2021,264,1067.49,-0.12,9001000
23-Sep,2021,265,1067.48,-0.01,9000000
24-Sep,2021,266,1067.5,0.02,9002000
25-Sep,2021,267,1067.52,0.02,9004000
26-Sep,2021,268,1067.53,0.01,9004000
27-Sep,2021,269,1067.56,0.03,9007000
28-Sep,2021,270,1067.65,0.09,9014000
29-Sep,2021,271,1067.66,0.01,9015000
30-Sep,2021,272,1067.68,0.02,9016000
1-Oct,2021,273,1067.68,0,9016000
2-Oct,2021,274,1067.68,0,9016000
3-Oct,2021,275,1067.71,0.03,9019000
4-Oct,2021,276,1067.6,-0.11,9010000
5-Oct,2021,277,1067.55,-0.05,9006000
6-Oct,2021,278,1067.44,-0.11,8997000
7-Oct,2021,279,1067.35,-0.09,8990000
8-Oct,2021,280,1067.32,-0.03,8988000
9-Oct,2021,281,1067.36,0.04,8991000
10-Oct,2021,282,1067.37,0.01,8992000
11-Oct,2021,283,1067.41,0.04,8995000
12-Oct,2021,284,1067.52,0.11,9004000
13-Oct,2021,285,1067.61,0.09,9011000
14-Oct,2021,286,1067.71,0.1,9019000
15-Oct,2021,287,1067.8,0.09,9026000
16-Oct,2021,288,1067.88,0.08,9032000
17-Oct,2021,289,1068,0.12,9041000
18-Oct,2021,290,1067.92,-0.08,9035000
19-Oct,2021,291,1067.84,-0.08,9029000
20-Oct,2021,292,1067.75,-0.09,9022000
21-Oct,2021,293,1067.63,-0.12,9012000
22-Oct,2021,294,1067.49,-0.14,9001000
23-Oct,2021,295,1067.4,-0.09,8994000
24-Oct,2021,296,1067.37,-0.03,8992000
25-Oct,2021,297,1067.23,-0.14,8981000
26-Oct,2021,298,1067.21,-0.02,8979000
27-Oct,2021,299,1067.1,-0.11,8970624
28-Oct,2021,300,1066.98,-0.12,8961212
29-Oct,2021,301,1066.86,-0.12,8951818
30-Oct,2021,302,1066.8,-0.06,8947122
31-Oct,2021,303,1066.77,-0.03,8944773
1-Nov,2021,304,1066.64,-0.13,8934597
2-Nov,2021,305,1066.51,-0.13,8924000
3-Nov,2021,306,1066.36,-0.15,8913000
4-Nov,2021,307,1066.23,-0.13,8903000
5-Nov,2021,308,1066.14,-0.09,8896000
6-Nov,2021,309,1066.1,-0.04,8892000
7-Nov,2021,310,1066.04,-0.06,8888000
8-Nov,2021,311,1065.99,-0.05,8884000
9-Nov,2021,312,1065.94,-0.05,8880000
10-Nov,2021,313,1065.92,-0.02,8878000
11-Nov,2021,314,1065.86,-0.06,8873689
12-Nov,2021,315,1065.86,0,8873689
13-Nov,2021,316,1065.92,0.06,8878364
14-Nov,2021,317,1065.91,-0.01,8877585
15-Nov,2021,318,1065.9,-0.01,8876806
16-Nov,2021,319,1065.87,-0.03,8874468
17-Nov,2021,320,1065.81,-0.06,8869793
18-Nov,2021,321,1065.75,-0.06,8865118
19-Nov,2021,322,1065.63,-0.12,8855767
20-Nov,2021,323,1065.6,-0.03,8853430
21-Nov,2021,324,1065.57,-0.03,8851092
22-Nov,2021,325,1065.49,-0.08,8844860
23-Nov,2021,326,1065.41,-0.08,8839000
24-Nov,2021,327,1065.31,-0.1,8830867
25-Nov,2021,328,1065.28,-0.03,8829000
26-Nov,2021,329,1065.24,-0.04,8825425
27-Nov,2021,330,1065.22,-0.02,8823870
28-Nov,2021,331,1065.17,-0.05,8819983
29-Nov,2021,332,1065.09,-0.08,8814000
30-Nov,2021,333,1064.97,-0.12,8804441
1-Dec,2021,334,1064.94,-0.03,8802115
2-Dec,2021,335,1064.91,-0.03,8799789
3-Dec,2021,336,1064.91,0,8799789
4-Dec,2021,337,1065,0.09,8807000
5-Dec,2021,338,1065.08,0.08,8813000
6-Dec,2021,339,1065.1,0.02,8814542
7-Dec,2021,340,1065.14,0.04,8817651
8-Dec,2021,341,1065.12,-0.02,8816096
9-Dec,2021,342,1065.2,0.08,8822316
10-Dec,2021,343,1065.25,0.05,8826203
11-Dec,2021,344,1065.32,0.07,8831644
12-Dec,2021,345,1065.4,0.08,8837864
13-Dec,2021,346,1065.44,0.04,8840973
14-Dec,2021,347,1065.56,0.12,8850313
15-Dec,2021,348,1065.46,-0.1,8842528
16-Dec,2021,349,1065.45,-0.01,8841751
17-Dec,2021,350,1065.51,0.06,8846417
18-Dec,2021,351,1065.65,0.14,8857326
19-Dec,2021,352,1065.69,0.04,8860442
20-Dec,2021,353,1065.74,0.05,8864338
21-Dec,2021,354,1065.78,0.04,8867455
22-Dec,2021,355,1065.75,-0.03,8865118
23-Dec,2021,356,1065.8,0.05,8869014
24-Dec,2021,357,1065.92,0.12,8878364
25-Dec,2021,358,1065.97,0.05,8882260
26-Dec,2021,359,1066.1,0.13,8892000
27-Dec,2021,360,1066.12,0.02,8894000
28-Dec,2021,361,1066.15,0.03,8896310
29-Dec,2021,362,1066.17,0.02,8897871
30-Dec,2021,363,1066.19,0.02,8899433
31-Dec,2021,364,1066.39,0.2,8915049
1-Jan,2022,0,1066.43,0.04,8918172
2-Jan,2022,1,1066.4,-0.03,8915830
3-Jan,2022,2,1066.44,0.04,8918953
4-Jan,2022,3,1066.42,-0.02,8917391
5-Jan,2022,4,1066.4,-0.02,8915830
6-Jan,2022,5,1066.44,0.04,8918953
7-Jan,2022,6,1066.46,0.02,8920514
8-Jan,2022,7,1066.57,0.11,8929117
9-Jan,2022,8,1066.69,0.12,8938511
10-Jan,2022,9,1066.74,0.05,8942425
11-Jan,2022,10,1066.79,0.05,8946339
12-Jan,2022,11,1066.85,0.06,8951036
13-Jan,2022,12,1066.9,0.05,8954950
14-Jan,2022,13,1067.03,0.13,8965131
15-Jan,2022,14,1067.06,0.03,8967485
16-Jan,2022,15,1067.15,0.09,8974547
17-Jan,2022,16,1067.16,0.01,8975331
18-Jan,2022,17,1067.18,0.02,8976900
19-Jan,2022,18,1067.13,-0.05,8972977
20-Jan,2022,19,1067.08,-0.05,8969000
21-Jan,2022,20,1067.11,0.03,8971408
22-Jan,2022,21,1067.1,-0.01,8970624
23-Jan,2022,22,1067.18,0.08,8976900
24-Jan,2022,23,1067.21,0.03,8979254
25-Jan,2022,24,1067.26,0.05,8983177
26-Jan,2022,25,1067.25,-0.01,8982000
27-Jan,2022,26,1067.24,-0.01,8981608
28-Jan,2022,27,1067.15,-0.09,8974547
29-Jan,2022,28,1067.13,-0.02,8972977
30-Jan,2022,29,1067.14,0.01,8974000
31-Jan,2022,30,1067.09,-0.05,8969839
1-Feb,2022,31,1067.07,-0.02,8968270
2-Feb,2022,32,1067.04,-0.03,8965916
3-Feb,2022,33,1067.02,-0.02,8964347
4-Feb,2022,34,1066.97,-0.05,8960429
5-Feb,2022,35,1066.99,0.02,8961995
6-Feb,2022,36,1067,0.01,8962778
7-Feb,2022,37,1067.04,0.04,8966000
8-Feb,2022,38,1067.08,0.04,8969000
9-Feb,2022,39,1067.09,0.01,8970000
10-Feb,2022,40,1067.06,-0.03,8967000
11-Feb,2022,41,1067.06,0,8967485
12-Feb,2022,42,1067.12,0.06,8972000
13-Feb,2022,43,1067.18,0.06,8977000
14-Feb,2022,44,1067.16,-0.02,8975000
15-Feb,2022,45,1067.19,0.03,8978000
16-Feb,2022,46,1067.18,-0.01,8977000
17-Feb,2022,47,1067.15,-0.03,8975000
18-Feb,2022,48,1067.1,-0.05,8971000
19-Feb,2022,49,1067.08,-0.02,8969000
20-Feb,2022,50,1067.05,-0.03,8967000
21-Feb,2022,51,1067.04,-0.01,8966000
22-Feb,2022,52,1066.99,-0.05,8962000
23-Feb,2022,53,1066.91,-0.08,8956000
24-Feb,2022,54,1066.82,-0.09,8949000
25-Feb,2022,55,1066.72,-0.1,8941000
26-Feb,2022,56,1066.73,0.01,8942000
27-Feb,2022,57,1066.81,0.08,8947904
28-Feb,2022,58,1066.78,-0.03,8946000
1-Mar,2022,59,1066.68,-0.1,8938000
2-Mar,2022,60,1066.56,-0.12,8928000
3-Mar,2022,61,1066.42,-0.14,8917000
4-Mar,2022,62,1066.27,-0.15,8906000
5-Mar,2022,63,1066.1,-0.17,8892000
6-Mar,2022,64,1066.03,-0.07,8887000
7-Mar,2022,65,1065.85,-0.18,8873000
8-Mar,2022,66,1065.71,-0.14,8862000
9-Mar,2022,67,1065.5,-0.21,8846000
10-Mar,2022,68,1065.28,-0.22,8829000
11-Mar,2022,69,1065.08,-0.2,8813000
12-Mar,2022,70,1064.94,-0.14,8802000
13-Mar,2022,71,1064.85,-0.09,8795000
14-Mar,2022,72,1064.66,-0.19,8780000
15-Mar,2022,73,1064.44,-0.22,8763000
16-Mar,2022,74,1064.3,-0.14,8753000
17-Mar,2022,75,1064.05,-0.25,8733000
18-Mar,2022,76,1063.87,-0.18,8719000
19-Mar,2022,77,1063.71,-0.16,8707000
20-Mar,2022,78,1063.65,-0.06,8702000
21-Mar,2022,79,1063.44,-0.21,8686000
22-Mar,2022,80,1063.25,-0.19,8671000
23-Mar,2022,81,1063.03,-0.22,8655000
24-Mar,2022,82,1062.76,-0.27,8634000
25-Mar,2022,83,1062.51,-0.25,8615000
26-Mar,2022,84,1062.36,-0.15,8603000
27-Mar,2022,85,1062.18,-0.18,8589000
28-Mar,2022,86,1062.01,-0.17,8576000
29-Mar,2022,87,1061.85,-0.16,8564000
30-Mar,2022,88,1061.67,-0.18,8550000
31-Mar,2022,89,1061.49,-0.18,8536000
1-Apr,2022,90,1061.29,-0.2,8521000
2-Apr,2022,91,1061.17,-0.12,8512000
3-Apr,2022,92,1061.04,-0.13,8502000
4-Apr,2022,93,1060.84,-0.2,8487000
5-Apr,2022,94,1060.64,-0.2,8472000
6-Apr,2022,95,1060.36,-0.28,8450000
7-Apr,2022,96,1060.1,-0.26,8431000
8-Apr,2022,97,1059.83,-0.27,8410212
9-Apr,2022,98,1059.65,-0.18,8396579
10-Apr,2022,99,1059.52,-0.13,8386732
11-Apr,2022,100,1059.2,-0.32,8363000
12-Apr,2022,101,1059.02,-0.18,8349000
13-Apr,2022,102,1058.76,-0.26,8329000
14-Apr,2022,103,1058.47,-0.29,8307000
15-Apr,2022,104,1058.29,-0.18,8294000
16-Apr,2022,105,1058.12,-0.17,8281000
17-Apr,2022,106,1057.98,-0.14,8271000
18-Apr,2022,107,1057.77,-0.21,8255000
19-Apr,2022,108,1057.46,-0.31,8232000
20-Apr,2022,109,1057.21,-0.25,8213000
21-Apr,2022,110,1056.93,-0.28,8192000
22-Apr,2022,111,1056.68,-0.25,8173000
23-Apr,2022,112,1056.56,-0.12,8164000
24-Apr,2022,113,1056.37,-0.19,8150000
25-Apr,2022,114,1056.15,-0.22,8134000
26-Apr,2022,115,1055.83,-0.32,8110000
27-Apr,2022,116,1055.72,-0.11,8102000
28-Apr,2022,117,1055.45,-0.27,8082000
29-Apr,2022,118,1055.05,-0.4,8052000
30-Apr,2022,119,1054.69,-0.36,8026000
1-May,2022,120,1054.55,-0.14,8015000
2-May,2022,121,1054.21,-0.34,7990000
3-May,2022,122,1053.98,-0.23,7973000
4-May,2022,123,1053.76,-0.22,7957000
5-May,2022,124,1053.53,-0.23,7940000
6-May,2022,125,1053.29,-0.24,7922000
7-May,2022,126,1053.11,-0.18,7909000
8-May,2022,127,1052.94,-0.17,7897000
9-May,2022,128,1052.78,-0.16,7885000
10-May,2022,129,1052.39,-0.39,7856000
11-May,2022,130,1052.11,-0.28,7836000
12-May,2022,131,1051.93,-0.18,7823000
13-May,2022,132,1051.59,-0.34,7798000
14-May,2022,133,1051.31,-0.28,7778000
15-May,2022,134,1051.05,-0.26,7759000
16-May,2022,135,1050.76,-0.29,7738000
17-May,2022,136,1050.44,-0.32,7715000
18-May,2022,137,1050.27,-0.17,7702000
19-May,2022,138,1050.01,-0.26,7684000
20-May,2022,139,1049.88,-0.13,7674000
21-May,2022,140,1049.77,-0.11,7666000
22-May,2022,141,1049.65,-0.12,7658000
23-May,2022,142,1049.52,-0.13,7648000
24-May,2022,143,1049.24,-0.28,7628000
25-May,2022,144,1048.96,-0.28,7608000
26-May,2022,145,1048.66,-0.3,7586000
27-May,2022,146,1048.41,-0.25,7568000
28-May,2022,147,1048.22,-0.19,7555000
29-May,2022,148,1048.17,-0.05,7551000
30-May,2022,149,1048,-0.17,7539000
31-May,2022,150,1047.69,-0.31,7517000
1-Jun,2022,151,1047.45,-0.24,7500000
2-Jun,2022,152,1047.34,-0.11,7492000
3-Jun,2022,153,1046.98,-0.36,7466000
4-Jun,2022,154,1046.9,-0.08,7461000
5-Jun,2022,155,1046.79,-0.11,7453000
6-Jun,2022,156,1046.71,-0.08,7447000
7-Jun,2022,157,1046.53,-0.18,7434000
8-Jun,2022,158,1046.32,-0.21,7419000
9-Jun,2022,159,1046.15,-0.17,7407000
10-Jun,2022,160,1045.92,-0.23,7391000
11-Jun,2022,161,1045.74,-0.18,7378000
12-Jun,2022,162,1045.57,-0.17,7366000
13-Jun,2022,163,1045.39,-0.18,7354000
14-Jun,2022,164,1045.22,-0.17,7342000
15-Jun,2022,165,1045.02,-0.2,7327000
16-Jun,2022,166,1044.76,-0.26,7309000
17-Jun,2022,167,1044.56,-0.2,7295000
18-Jun,2022,168,1044.44,-0.12,7287000
19-Jun,2022,169,1044.38,-0.06,7282000
20-Jun,2022,170,1044.25,-0.13,7273267
21-Jun,2022,171,1044.06,-0.19,7260000
22-Jun,2022,172,1043.82,-0.24,7243000
23-Jun,2022,173,1043.68,-0.14,7233000
24-Jun,2022,174,1043.52,-0.16,7222000
25-Jun,2022,175,1043.42,-0.1,7215000
26-Jun,2022,176,1043.41,-0.01,7214000
27-Jun,2022,177,1043.35,-0.06,7210000
28-Jun,2022,178,1043.22,-0.13,7201000
29-Jun,2022,179,1043.13,-0.09,7195000
30-Jun,2022,180,1043.02,-0.11,7187000
1-Jul,2022,181,1042.91,-0.11,7179000
2-Jul,2022,182,1042.83,-0.08,7174000
3-Jul,2022,183,1042.76,-0.07,7169000
4-Jul,2022,184,1042.79,0.03,7171000
5-Jul,2022,185,1042.64,-0.15,7160570
6-Jul,2022,186,1042.56,-0.08,7155000
7-Jul,2022,187,1042.35,-0.21,7140000
8-Jul,2022,188,1042.17,-0.18,7128000
9-Jul,2022,189,1042.05,-0.12,7119000
10-Jul,2022,190,1041.99,-0.06,7115000
11-Jul,2022,191,1041.91,-0.08,7110000
12-Jul,2022,192,1041.76,-0.15,7099346
13-Jul,2022,193,1041.56,-0.2,7085000
14-Jul,2022,194,1041.46,-0.1,7079000
15-Jul,2022,195,1041.39,-0.07,7074000
16-Jul,2022,196,1041.35,-0.04,7071000
17-Jul,2022,197,1041.3,-0.05,7067000
18-Jul,2022,198,1041.17,-0.13,7058000
19-Jul,2022,199,1041.04,-0.13,7049000
20-Jul,2022,200,1040.91,-0.13,7040450
21-Jul,2022,201,1040.76,-0.15,7030000
22-Jul,2022,202,1040.72,-0.04,7027000
23-Jul,2022,203,1040.72,0,7027000
24-Jul,2022,204,1040.69,-0.03,7025000
25-Jul,2022,205,1040.73,0.04,7028000
26-Jul,2022,206,1040.66,-0.07,7023000
27-Jul,2022,207,1040.63,-0.03,7021000
28-Jul,2022,208,1040.58,-0.05,7018000
29-Jul,2022,209,1040.7,0.12,7026000
30-Jul,2022,210,1040.82,0.12,7034000
31-Jul,2022,211,1040.92,0.1,7041000
1-Aug,2022,212,1040.91,-0.01,7040000
2-Aug,2022,213,1040.8,-0.11,7033000
3-Aug,2022,214,1040.77,-0.03,7031000
4-Aug,2022,215,1040.93,0.16,7042000
5-Aug,2022,216,1041.14,0.21,7056000
6-Aug,2022,217,1041.33,0.19,7070000
7-Aug,2022,218,1041.46,0.13,7079000
8-Aug,2022,219,1041.53,0.07,7083000
9-Aug,2022,220,1041.5,-0.03,7081000
10-Aug,2022,221,1041.51,0.01,7082000
11-Aug,2022,222,1041.56,0.05,7085000
12-Aug,2022,223,1041.74,0.18,7098000
13-Aug,2022,224,1042,0.26,7116000
14-Aug,2022,225,1042.21,0.21,7131000
15-Aug,2022,226,1042.32,0.11,7138000
16-Aug,2022,227,1042.36,0.04,7141000
17-Aug,2022,228,1042.48,0.12,7149000
18-Aug,2022,229,1042.61,0.13,7158000
19-Aug,2022,230,1042.84,0.23,7175000
20-Aug,2022,231,1043.07,0.23,7191000
21-Aug,2022,232,1043.29,0.22,7206000
22-Aug,2022,233,1043.42,0.13,7215000
23-Aug,2022,234,1043.43,0.01,7216000
24-Aug,2022,235,1043.48,0.05,7219000
25-Aug,2022,236,1043.48,0,7219000
26-Aug,2022,237,1043.61,0.13,7228000
27-Aug,2022,238,1043.83,0.22,7244000
28-Aug,2022,239,1044.04,0.21,7259000
29-Aug,2022,240,1044.2,0.16,7270000
30-Aug,2022,241,1044.29,0.09,7276000
31-Aug,2022,242,1044.28,-0.01,7275000
1-Sep,2022,243,1044.31,0.03,7277000
2-Sep,2022,244,1044.38,0.07,7282000
3-Sep,2022,245,1044.37,-0.01,7282000
4-Sep,2022,246,1044.26,-0.11,7274000
5-Sep,2022,247,1044.23,-0.03,7272000
6-Sep,2022,248,1044.1,-0.13,7263000
7-Sep,2022,249,1044.04,-0.06,7259000
8-Sep,2022,250,1043.94,-0.1,7251000
9-Sep,2022,251,1043.78,-0.16,7240000
10-Sep,2022,252,1043.79,0.01,7241000
11-Sep,2022,253,1043.85,0.06,7245000
12-Sep,2022,254,1043.86,0.01,7246000
13-Sep,2022,255,1043.96,0.1,7253000
14-Sep,2022,256,1044.01,0.05,7256000
15-Sep,2022,257,1044.12,0.11,7264000
16-Sep,2022,258,1044.26,0.14,7274000
17-Sep,2022,259,1044.33,0.07,7279000
18-Sep,2022,260,1044.41,0.08,7285000
19-Sep,2022,261,1044.43,0.02,7286000
20-Sep,2022,262,1044.45,0.02,7287000
21-Sep,2022,263,1044.52,0.07,7292000
22-Sep,2022,264,1044.61,0.09,7299000
23-Sep,2022,265,1044.65,0.04,7301000
24-Sep,2022,266,1044.78,0.13,7311000
25-Sep,2022,267,1044.87,0.09,7317000
26-Sep,2022,268,1044.94,0.07,7322000
27-Sep,2022,269,1044.98,0.04,7325000
28-Sep,2022,270,1044.98,0,7325000
29-Sep,2022,271,1045,0.02,7326000
30-Sep,2022,272,1045.03,0.03,7328000
1-Oct,2022,273,1045.04,0.01,7329000
2-Oct,2022,274,1045.15,0.11,7337000
3-Oct,2022,275,1045.21,0.06,7341000
4-Oct,2022,276,1045.25,0.04,7344000
5-Oct,2022,277,1045.32,0.07,7349000
6-Oct,2022,278,1045.38,0.06,7353000
7-Oct,2022,279,1045.42,0.04,7356000
8-Oct,2022,280,1045.49,0.07,7361000
9-Oct,2022,281,1045.59,0.1,7367724
10-Oct,2022,282,1045.6,0.01,7368000
11-Oct,2022,283,1045.6,0,7368000
12-Oct,2022,284,1045.55,-0.05,7365000
13-Oct,2022,285,1045.51,-0.04,7362000
14-Oct,2022,286,1045.46,-0.05,7359000
15-Oct,2022,287,1045.46,0,7359000
16-Oct,2022,288,1045.42,-0.04,7356000
17-Oct,2022,289,1045.52,0.1,7363000
18-Oct,2022,290,1045.62,0.1,7370000
19-Oct,2022,291,1045.76,0.14,7380000
20-Oct,2022,292,1045.9,0.14,7390000
21-Oct,2022,293,1046.03,0.13,7398870
22-Oct,2022,294,1046.23,0.2,7413000
23-Oct,2022,295,1046.36,0.13,7422000
24-Oct,2022,296,1046.38,0.02,7423699
25-Oct,2022,297,1046.36,-0.02,7422000
26-Oct,2022,298,1046.35,-0.01,7422000
27-Oct,2022,299,1046.33,-0.02,7420000
28-Oct,2022,300,1046.29,-0.04,7417000
29-Oct,2022,301,1046.29,0,7417000
30-Oct,2022,302,1046.28,-0.01,7416605
31-Oct,2022,303,1046.28,0,7417000
1-Nov,2022,304,1046.08,-0.2,7402000
2-Nov,2022,305,1045.83,-0.25,7385000
3-Nov,2022,306,1045.71,-0.12,7376000
4-Nov,2022,307,1045.55,-0.16,7365000
5-Nov,2022,308,1045.41,-0.14,7355000
6-Nov,2022,309,1045.29,-0.12,7347000
7-Nov,2022,310,1045.11,-0.18,7334000
8-Nov,2022,311,1044.89,-0.22,7318000
9-Nov,2022,312,1044.75,-0.14,7308000
10-Nov,2022,313,1044.65,-0.1,7301000
11-Nov,2022,314,1044.5,-0.15,7291000
12-Nov,2022,315,1044.41,-0.09,7285000
13-Nov,2022,316,1044.36,-0.05,7280996
14-Nov,2022,317,1044.36,0,7280996
15-Nov,2022,318,1044.27,-0.09,7274672
16-Nov,2022,319,1044.18,-0.09,7268348
17-Nov,2022,320,1044.06,-0.12,7259916
18-Nov,2022,321,1043.95,-0.11,7252000
19-Nov,2022,322,1043.85,-0.1,7245000
20-Nov,2022,323,1043.81,-0.04,7242000
21-Nov,2022,324,1043.73,-0.08,7237000
22-Nov,2022,325,1043.64,-0.09,7230000
23-Nov,2022,326,1043.58,-0.06,7226000
24-Nov,2022,327,1043.46,-0.12,7218000
25-Nov,2022,328,1043.39,-0.07,7213000
26-Nov,2022,329,1043.36,-0.03,7211000
27-Nov,2022,330,1043.29,-0.07,7206000
28-Nov,2022,331,1043.19,-0.1,7199000
29-Nov,2022,332,1043.1,-0.09,7193000
30-Nov,2022,333,1043.02,-0.08,7187000
1-Dec,2022,334,1042.89,-0.13,7178000
2-Dec,2022,335,1042.94,0.05,7181000
3-Dec,2022,336,1043.02,0.08,7187000
4-Dec,2022,337,1043.12,0.1,7194000
5-Dec,2022,338,1043.19,0.07,7199000
6-Dec,2022,339,1043.26,0.07,7204000
7-Dec,2022,340,1043.28,0.02,7205000
8-Dec,2022,341,1043.31,0.03,7207000
9-Dec,2022,342,1043.36,0.05,7211000
10-Dec,2022,343,1043.44,0.08,7216000
11-Dec,2022,344,1043.56,0.12,7225000
12-Dec,2022,345,1043.45,-0.11,7217000
13-Dec,2022,346,1043.47,0.02,7219000
14-Dec,2022,347,1043.47,0,7219000
15-Dec,2022,348,1043.54,0.07,7223000
16-Dec,2022,349,1043.67,0.13,7233000
17-Dec,2022,350,1043.81,0.14,7242000
18-Dec,2022,351,1043.9,0.09,7249000
19-Dec,2022,352,1043.94,0.04,7251000
20-Dec,2022,353,1043.99,0.05,7255000
21-Dec,2022,354,1044.04,0.05,7258510
22-Dec,2022,355,1044.03,-0.01,7258000
23-Dec,2022,356,1044.13,0.1,7265000
24-Dec,2022,357,1044.2,0.07,7270000
25-Dec,2022,358,1044.32,0.12,7278000
26-Dec,2022,359,1044.39,0.07,7283000
27-Dec,2022,360,1044.5,0.11,7291000
28-Dec,2022,361,1044.58,0.08,7296000
29-Dec,2022,362,1044.69,0.11,7304000
30-Dec,2022,363,1044.76,0.07,7309000
31-Dec,2022,364,1044.82,0.06,7313000
1-Jan,2023,0,1044.91,0.09,7320000
2-Jan,2023,1,1044.95,0.04,7322530
3-Jan,2023,2,1044.99,0.04,7325000
4-Jan,2023,3,1044.97,-0.02,7324000
5-Jan,2023,4,1044.96,-0.01,7323000
6-Jan,2023,5,1045.03,0.07,7328000
7-Jan,2023,6,1045.09,0.06,7332000
8-Jan,2023,7,1045.11,0.02,7334000
9-Jan,2023,8,1045.11,0,7334000
10-Jan,2023,9,1045.04,-0.07,7329000
11-Jan,2023,10,1045.23,0.19,7342000
12-Jan,2023,11,1045.33,0.1,7349000
13-Jan,2023,12,1045.36,0.03,7351000
14-Jan,2023,13,1045.38,0.02,7353000
15-Jan,2023,14,1045.57,0.19,7366000
16-Jan,2023,15,1045.62,0.05,7370000
17-Jan,2023,16,1045.68,0.06,7374000
18-Jan,2023,17,1045.75,0.07,7379000
19-Jan,2023,18,1045.79,0.04,7381879
20-Jan,2023,19,1045.83,0.04,7385000
21-Jan,2023,20,1045.91,0.08,7390000
22-Jan,2023,21,1045.93,0.02,7392000
23-Jan,2023,22,1045.97,0.04,7394618
24-Jan,2023,23,1046.04,0.07,7400000
25-Jan,2023,24,1046.16,0.12,7408000
26-Jan,2023,25,1046.3,0.14,7418000
27-Jan,2023,26,1046.49,0.19,7432000
28-Jan,2023,27,1046.63,0.14,7441000
29-Jan,2023,28,1046.74,0.11,7449000
30-Jan,2023,29,1046.88,0.14,7459000
31-Jan,2023,30,1046.97,0.09,7465634
1-Feb,2023,31,1046.95,-0.02,7464000
2-Feb,2023,32,1046.94,-0.01,7464000
3-Feb,2023,33,1046.94,0,7464000
4-Feb,2023,34,1046.98,0.04,7466000
5-Feb,2023,35,1046.91,-0.07,7461000
6-Feb,2023,36,1046.97,0.06,7466000
7-Feb,2023,37,1047.08,0.11,7473000
8-Feb,2023,38,1047.16,0.08,7479000
9-Feb,2023,39,1047.2,0.04,7482024
10-Feb,2023,40,1047.27,0.07,7487000
11-Feb,2023,41,1047.42,0.15,7498000
12-Feb,2023,42,1047.49,0.07,7503000
13-Feb,2023,43,1047.47,-0.02,7501000
14-Feb,2023,44,1047.52,0.05,7505000
15-Feb,2023,45,1047.56,0.04,7508000
16-Feb,2023,46,1047.54,-0.02,7506000
17-Feb,2023,47,1047.52,-0.02,7505000
18-Feb,2023,48,1047.58,0.06,7509000
19-Feb,2023,49,1047.62,0.04,7512000
20-Feb,2023,50,1047.64,0.02,7513000
21-Feb,2023,51,1047.43,-0.21,7498000
22-Feb,2023,52,1047.41,-0.02,7497000
23-Feb,2023,53,1047.32,-0.09,7491000
24-Feb,2023,54,1047.25,-0.07,7486000
25-Feb,2023,55,1047.24,-0.01,7485000
26-Feb,2023,56,1047.22,-0.02,7483000
27-Feb,2023,57,1047.13,-0.09,7477000
28-Feb,2023,58,1047.02,-0.11,7469000
1-Mar,2023,59,1046.98,-0.04,7466000
2-Mar,2023,60,1046.9,-0.08,7461000
3-Mar,2023,61,1046.87,-0.03,7459000
4-Mar,2023,62,1046.89,0.02,7460000
5-Mar,2023,63,1046.87,-0.02,7459000
6-Mar,2023,64,1046.69,-0.18,7446000
7-Mar,2023,65,1046.6,-0.09,7439000
8-Mar,2023,66,1046.5,-0.1,7432213
9-Mar,2023,67,1046.35,-0.15,7422000
10-Mar,2023,68,1046.15,-0.2,7407000
11-Mar,2023,69,1046.07,-0.08,7402000
12-Mar,2023,70,1046.06,-0.01,7401000
13-Mar,2023,71,1046.02,-0.04,7398160
14-Mar,2023,72,1045.88,-0.14,7388249
15-Mar,2023,73,1045.83,-0.05,7384710
16-Mar,2023,74,1045.9,0.07,7389664
17-Mar,2023,75,1046.06,0.16,7400998
18-Mar,2023,76,1046.04,-0.02,7399579
19-Mar,2023,77,1046.01,-0.03,7397451
20-Mar,2023,78,1045.95,-0.06,7393203
21-Mar,2023,79,1045.9,-0.05,7389664
22-Mar,2023,80,1045.91,0.01,7390372
23-Mar,2023,81,1046.02,0.11,7398160
24-Mar,2023,82,1046.11,0.09,7404545
25-Mar,2023,83,1046.21,0.1,7411639
26-Mar,2023,84,1046.32,0.11,7419443
27-Mar,2023,85,1046.28,-0.04,7416605
28-Mar,2023,86,1046.13,-0.15,7405964
29-Mar,2023,87,1046.07,-0.06,7401707
30-Mar,2023,88,1046.03,-0.04,7398870
31-Mar,2023,89,1046.03,0,7398870
1-Apr,2023,90,1046.07,0.04,7401707
2-Apr,2023,91,1046.04,-0.03,7399579
3-Apr,2023,92,1045.96,-0.08,7393911
4-Apr,2023,93,1045.87,-0.09,7387541
5-Apr,2023,94,1045.83,-0.04,7384710
6-Apr,2023,95,1045.75,-0.08,7379048
7-Apr,2023,96,1045.78,0.03,7381000
8-Apr,2023,97,1045.95,0.17,7393000
9-Apr,2023,98,1046.14,0.19,7407000
10-Apr,2023,99,1046.26,0.12,7415186
11-Apr,2023,100,1046.29,0.03,7417315
12-Apr,2023,101,1046.39,0.1,7424409
13-Apr,2023,102,1046.45,0.06,7428665
14-Apr,2023,103,1046.54,0.09,7435057
15-Apr,2023,104,1046.73,0.19,7448568
16-Apr,2023,105,1046.9,0.17,7460657
17-Apr,2023,106,1046.95,0.05,7464212
18-Apr,2023,107,1046.91,-0.04,7461368
19-Apr,2023,108,1047.01,0.1,7468480
20-Apr,2023,109,1047.07,0.06,7472757
21-Apr,2023,110,1047.07,0,7472757
22-Apr,2023,111,1047.02,-0.05,7469193
23-Apr,2023,112,1047.09,0.07,7474183
24-Apr,2023,113,1047.14,0.05,7477747
25-Apr,2023,114,1047.14,0,7477747
26-Apr,2023,115,1047.55,0.41,7506981
27-Apr,2023,116,1048.29,0.74,7559902
28-Apr,2023,117,1049.04,0.75,7613716
29-Apr,2023,118,1049.57,0.53,7651866
30-Apr,2023,119,1049.69,0.12,7660520
1-May,2023,120,1049.73,0.04,7663405
2-May,2023,121,1049.74,0.01,7664126
3-May,2023,122,1049.74,0,7664126
4-May,2023,123,1049.96,0.22,7679993
5-May,2023,124,1050.15,0.19,7693720
6-May,2023,125,1050.31,0.16,7705284
7-May,2023,126,1050.55,0.24,7722642
8-May,2023,127,1050.7,0.15,7733514
9-May,2023,128,1050.85,0.15,7744386
10-May,2023,129,1051.03,0.18,7757437
11-May,2023,130,1051.22,0.19,7771243
12-May,2023,131,1051.29,0.07,7776329
13-May,2023,132,1051.45,0.16,7787955
14-May,2023,133,1051.6,0.15,7798874
15-May,2023,134,1051.65,0.05,7802517
16-May,2023,135,1051.74,0.09,7809074
17-May,2023,136,1051.82,0.08,7814903
18-May,2023,137,1051.94,0.12,7823646
19-May,2023,138,1052.07,0.13,7833129
20-May,2023,139,1052.35,0.28,7853575
21-May,2023,140,1052.61,0.26,7872580
22-May,2023,141,1052.78,0.17,7885024
23-May,2023,142,1052.91,0.13,7894540
24-May,2023,143,1053.02,0.11,7902596
25-May,2023,144,1053.18,0.16,7914340
26-May,2023,145,1053.37,0.19,7928286
27-May,2023,146,1053.57,0.2,7942977
28-May,2023,147,1053.81,0.24,7960631
29-May,2023,148,1053.97,0.16,7972401
30-May,2023,149,1054.13,0.16,7984000
31-May,2023,150,1054.28,0.15,7995260
1-Jun,2023,151,1054.33,0.05,7998948
2-Jun,2023,152,1054.39,0.06,8003374
3-Jun,2023,153,1054.47,0.08,8009275
4-Jun,2023,154,1054.48,0.01,8010012
5-Jun,2023,155,1054.43,-0.05,8006324
6-Jun,2023,156,1054.47,0.04,8009275
7-Jun,2023,157,1054.48,0.01,8010012
8-Jun,2023,158,1054.53,0.05,8013706
9-Jun,2023,159,1054.56,0.03,8015924
10-Jun,2023,160,1054.65,0.09,8022579
11-Jun,2023,161,1054.76,0.11,8030712
12-Jun,2023,162,1054.88,0.12,8039585
13-Jun,2023,163,1054.95,0.07,8044761
14-Jun,2023,164,1055.06,0.11,8052904
15-Jun,2023,165,1055.13,0.07,8058091
16-Jun,2023,166,1055.14,0.01,8058832
17-Jun,2023,167,1055.26,0.12,8067724
18-Jun,2023,168,1055.34,0.08,8073652
19-Jun,2023,169,1055.44,0.1,8081062
20-Jun,2023,170,1055.54,0.1,8088480
21-Jun,2023,171,1055.61,0.07,8093681
22-Jun,2023,172,1055.59,-0.02,8092195
23-Jun,2023,173,1055.69,0.1,8100000
24-Jun,2023,174,1055.83,0.14,8110000
25-Jun,2023,175,1055.97,0.14,8120000
26-Jun,2023,176,1056.06,0.09,8127000
27-Jun,2023,177,1056.19,0.13,8136809
28-Jun,2023,178,1056.28,0.09,8143512
29-Jun,2023,179,1056.34,0.06,8147981
30-Jun,2023,180,1056.39,0.05,8151705
1-Jul,2023,181,1056.56,0.17,8164376
2-Jul,2023,182,1056.7,0.14,8174826
3-Jul,2023,183,1056.79,0.09,8181543
4-Jul,2023,184,1056.88,0.09,8188261
5-Jul,2023,185,1056.95,0.07,8193486
6-Jul,2023,186,1057.05,0.1,8200960
7-Jul,2023,187,1057.17,0.12,8209940
8-Jul,2023,188,1057.32,0.15,8221166
9-Jul,2023,189,1057.55,0.23,8238389
10-Jul,2023,190,1057.74,0.19,8253000
11-Jul,2023,191,1057.94,0.2,8267646
12-Jul,2023,192,1058.13,0.19,8281924
13-Jul,2023,193,1058.31,0.18,8295460
14-Jul,2023,194,1058.51,0.2,8310501
15-Jul,2023,195,1058.72,0.21,8326331
16-Jul,2023,196,1058.94,0.22,8342915
17-Jul,2023,197,1059.07,0.13,8352727
18-Jul,2023,198,1059.19,0.12,8361794
19-Jul,2023,199,1059.36,0.17,8374639
20-Jul,2023,200,1059.52,0.16,8386732
21-Jul,2023,201,1059.66,0.14,8397000
22-Jul,2023,202,1059.8,0.14,8408000
23-Jul,2023,203,1059.96,0.16,8420000
24-Jul,2023,204,1060.05,0.09,8426884
25-Jul,2023,205,1060.22,0.17,8439790
26-Jul,2023,206,1060.34,0.12,8448900
27-Jul,2023,207,1060.42,0.08,8454974
28-Jul,2023,208,1060.51,0.09,8461809
29-Jul,2023,209,1060.7,0.19,8476268
30-Jul,2023,210,1060.83,0.13,8486000
31-Jul,2023,211,1061.02,0.19,8501000
1-Aug,2023,212,1060.94,-0.08,8495000
2-Aug,2023,213,1061.12,0.18,8508254
3-Aug,2023,214,1061.25,0.13,8518173
4-Aug,2023,215,1061.42,0.17,8531144
5-Aug,2023,216,1061.62,0.2,8546423
6-Aug,2023,217,1061.74,0.12,8555598
7-Aug,2023,218,1061.88,0.14,8566302
8-Aug,2023,219,1062.05,0.17,8579310
9-Aug,2023,220,1062.25,0.2,8594638
10-Aug,2023,221,1062.44,0.19,8609199
11-Aug,2023,222,1062.64,0.2,8624555
12-Aug,2023,223,1062.86,0.22,8641460
13-Aug,2023,224,1063.01,0.15,8652988
14-Aug,2023,225,1063.19,0.18,8666848
15-Aug,2023,226,1063.28,0.09,8673778
16-Aug,2023,227,1063.3,0.02,8675318
17-Aug,2023,228,1063.25,-0.05,8671468
18-Aug,2023,229,1063.35,0.1,8679168
19-Aug,2023,230,1063.46,0.11,8687638
20-Aug,2023,231,1063.62,0.16,8699979
21-Aug,2023,232,1063.8,0.18,8713872
22-Aug,2023,233,1064,0.2,8729308
23-Aug,2023,234,1064.11,0.11,8738000
24-Aug,2023,235,1064.31,0.2,8753000
25-Aug,2023,236,1064.44,0.13,8763000
26-Aug,2023,237,1064.59,0.15,8775000
27-Aug,2023,238,1064.73,0.14,8786000
28-Aug,2023,239,1064.86,0.13,8796000
29-Aug,2023,240,1065.02,0.16,8808322
30-Aug,2023,241,1065.13,0.11,8816874
31-Aug,2023,242,1065.35,0.22,8833977
1-Sep,2023,243,1065.59,0.24,8852650
2-Sep,2023,244,1065.9,0.31,8876806
3-Sep,2023,245,1066.05,0.15,8888502
4-Sep,2023,246,1066.17,0.12,8897871
5-Sep,2023,247,1066.23,0.06,8902556
6-Sep,2023,248,1066.32,0.09,8909583
7-Sep,2023,249,1066.26,-0.06,8904898
8-Sep,2023,250,1066.22,-0.04,8901775
9-Sep,2023,251,1066.2,-0.02,8900214
10-Sep,2023,252,1066.2,0,8900214
11-Sep,2023,253,1066.18,-0.02,8898652
12-Sep,2023,254,1066.22,0.04,8901775
13-Sep,2023,255,1066.3,0.08,8908022
14-Sep,2023,256,1066.31,0.01,8908802
15-Sep,2023,257,1066.36,0.05,8912706
16-Sep,2023,258,1066.41,0.05,8916610
17-Sep,2023,259,1066.46,0.05,8920514
18-Sep,2023,260,1066.46,0,8920514
19-Sep,2023,261,1066.43,-0.03,8918172
20-Sep,2023,262,1066.41,-0.02,8916610
21-Sep,2023,263,1066.37,-0.04,8913487
22-Sep,2023,264,1066.36,-0.01,8912706
23-Sep,2023,265,1066.35,-0.01,8911926
24-Sep,2023,266,1066.35,0,8911926
25-Sep,2023,267,1066.26,-0.09,8904898
26-Sep,2023,268,1066.19,-0.07,8899433
27-Sep,2023,269,1066.11,-0.08,8893186
28-Sep,2023,270,1065.97,-0.14,8882260
29-Sep,2023,271,1065.87,-0.1,8874468
30-Sep,2023,272,1065.82,-0.05,8870572
1-Oct,2023,273,1065.83,0.01,8871351
2-Oct,2023,274,1065.81,-0.02,8869793
3-Oct,2023,275,1065.75,-0.06,8865118
4-Oct,2023,276,1065.71,-0.04,8862001
5-Oct,2023,277,1065.69,-0.02,8860442
6-Oct,2023,278,1065.66,-0.03,8858105
7-Oct,2023,279,1065.64,-0.02,8856546
8-Oct,2023,280,1065.71,0.07,8862001
9-Oct,2023,281,1065.77,0.06,8866676
10-Oct,2023,282,1065.84,0.07,8872130
11-Oct,2023,283,1065.9,0.06,8876806
12-Oct,2023,284,1065.96,0.06,8881481
13-Oct,2023,285,1066.06,0.1,8889282
14-Oct,2023,286,1066.17,0.11,8897871
15-Oct,2023,287,1066.23,0.06,8902556
16-Oct,2023,288,1066.19,-0.04,8899433
17-Oct,2023,289,1066.15,-0.04,8896310
18-Oct,2023,290,1066.08,-0.07,8890844
19-Oct,2023,291,1066.01,-0.07,8885378
20-Oct,2023,292,1065.95,-0.06,8880702
21-Oct,2023,293,1065.98,0.03,8883039
22-Oct,2023,294,1065.96,-0.02,8881481
23-Oct,2023,295,1065.94,-0.02,8879922
24-Oct,2023,296,1065.9,-0.04,8876806
25-Oct,2023,297,1065.79,-0.11,8868234
26-Oct,2023,298,1065.71,-0.08,8862001
27-Oct,2023,299,1065.65,-0.06,8857326
28-Oct,2023,300,1065.66,0.01,8858105
29-Oct,2023,301,1065.55,-0.11,8849534
30-Oct,2023,302,1065.44,-0.11,8840973
31-Oct,2023,303,1065.34,-0.1,8833199
1-Nov,2023,304,1065.27,-0.07,8828000
2-Nov,2023,305,1065.19,-0.08,8822000
3-Nov,2023,306,1065.13,-0.06,8817000
4-Nov,2023,307,1065.13,0,8817000
5-Nov,2023,308,1065.16,0.03,8819000
6-Nov,2023,309,1065.1,-0.06,8815000
7-Nov,2023,310,1065.07,-0.03,8812000
8-Nov,2023,311,1064.97,-0.1,8804000
9-Nov,2023,312,1064.92,-0.05,8800564
10-Nov,2023,313,1064.84,-0.08,8794361
11-Nov,2023,314,1064.81,-0.03,8792035
12-Nov,2023,315,1064.79,-0.02,8790484
13-Nov,2023,316,1064.75,-0.04,8787383
14-Nov,2023,317,1064.68,-0.07,8781955
15-Nov,2023,318,1064.67,-0.01,8781179
16-Nov,2023,319,1064.64,-0.03,8778853
17-Nov,2023,320,1064.64,0,8778853
18-Nov,2023,321,1064.69,0.05,8782730
19-Nov,2023,322,1064.78,0.09,8789709
20-Nov,2023,323,1064.74,-0.04,8786607
21-Nov,2023,324,1064.71,-0.03,8784281
22-Nov,2023,325,1064.71,0,8784281
23-Nov,2023,326,1064.78,0.07,8789709
24-Nov,2023,327,1064.79,0.01,8790484
25-Nov,2023,328,1064.83,0.04,8793586
26-Nov,2023,329,1064.85,0.02,8795137
27-Nov,2023,330,1064.84,-0.01,8794361
28-Nov,2023,331,1064.76,-0.08,8788158
29-Nov,2023,332,1064.79,0.03,8790484
30-Nov,2023,333,1064.81,0.02,8792035
1-Dec,2023,334,1064.9,0.09,8799014
2-Dec,2023,335,1065.02,0.12,8808322
3-Dec,2023,336,1065.14,0.12,8817651
4-Dec,2023,337,1065.28,0.14,8828535
5-Dec,2023,338,1065.38,0.1,8836309
6-Dec,2023,339,1065.4,0.02,8837864
7-Dec,2023,340,1065.57,0.17,8851092
8-Dec,2023,341,1065.7,0.13,8861222
9-Dec,2023,342,1065.84,0.14,8872130
10-Dec,2023,343,1065.93,0.09,8879143
11-Dec,2023,344,1066,0.07,8884598
12-Dec,2023,345,1066.09,0.09,8891625
13-Dec,2023,346,1066.18,0.09,8898652
14-Dec,2023,347,1066.32,0.14,8910000
15-Dec,2023,348,1066.44,0.12,8919000
16-Dec,2023,349,1066.58,0.14,8930000
17-Dec,2023,350,1066.7,0.12,8939000
18-Dec,2023,351,1066.81,0.11,8948000
19-Dec,2023,352,1066.95,0.14,8959000
20-Dec,2023,353,1067.01,0.06,8963562
21-Dec,2023,354,1067.13,0.12,8972977
22-Dec,2023,355,1067.24,0.11,8981608
23-Dec,2023,356,1067.43,0.19,8996515
24-Dec,2023,357,1067.56,0.13,9006726
25-Dec,2023,358,1067.68,0.12,9016163
26-Dec,2023,359,1067.74,0.06,9020881
27-Dec,2023,360,1067.79,0.05,9024813
28-Dec,2023,361,1067.81,0.02,9026386
29-Dec,2023,362,1067.89,0.08,9032677
30-Dec,2023,363,1067.98,0.09,9039755
31-Dec,2023,364,1068.05,0.07,9045269
1-Jan,2024,0,1068.18,0.13,9055515
2-Jan,2024,1,1068.23,0.05,9059456
3-Jan,2024,2,1068.38,0.15,9071279
4-Jan,2024,3,1068.53,0.15,9083108
5-Jan,2024,4,1068.71,0.18,9097328
6-Jan,2024,5,1068.86,0.15,9109178
7-Jan,2024,6,1069.06,0.2,9124988
8-Jan,2024,7,1069.18,0.12,9134490
9-Jan,2024,8,1069.32,0.14,9145575
10-Jan,2024,9,1069.46,0.14,9156660
11-Jan,2024,10,1069.66,0.2,9172525
12-Jan,2024,11,1069.84,0.18,9186810
13-Jan,2024,12,1069.98,0.14,9197920
14-Jan,2024,13,1070.18,0.2,9213821
15-Jan,2024,14,1070.27,0.09,9220978
16-Jan,2024,15,1070.33,0.06,9226000
17-Jan,2024,16,1070.4,0.07,9231000
18-Jan,2024,17,1070.5,0.1,9239268
19-Jan,2024,18,1070.64,0.14,9250426
20-Jan,2024,19,1070.77,0.13,9260787
21-Jan,2024,20,1070.93,0.16,9273539
22-Jan,2024,21,1071.07,0.14,9284708
23-Jan,2024,22,1071.19,0.12,9294291
24-Jan,2024,23,1071.32,0.13,9304673
25-Jan,2024,24,1071.46,0.14,9315853
26-Jan,2024,25,1071.67,0.21,9332654
27-Jan,2024,26,1071.85,0.18,9347000
28-Jan,2024,27,1072.06,0.21,9364000
29-Jan,2024,28,1072.27,0.21,9381000
30-Jan,2024,29,1072.49,0.22,9398375
31-Jan,2024,30,1072.67,0.18,9412842
1-Feb,2024,31,1072.9,0.23,9431330
2-Feb,2024,32,1073.09,0.19,9446618
3-Feb,2024,33,1073.29,0.2,9462730
4-Feb,2024,34,1073.45,0.16,9476000
5-Feb,2024,35,1073.62,0.17,9489334
6-Feb,2024,36,1073.76,0.14,9500635
7-Feb,2024,37,1073.88,0.12,9510321
8-Feb,2024,38,1074.1,0.22,9528096
9-Feb,2024,39,1074.28,0.18,9542654
10-Feb,2024,40,1074.5,0.22,9560448
11-Feb,2024,41,1074.65,0.15,9572610
12-Feb,2024,42,1074.79,0.14,9583961
13-Feb,2024,43,1074.93,0.14,9595312
14-Feb,2024,44,1075.06,0.13,9605861
15-Feb,2024,45,1075.2,0.14,9617232
16-Feb,2024,46,1075.35,0.15,9629415
17-Feb,2024,47,1075.51,0.16,9642412
18-Feb,2024,48,1075.67,0.16,9655436
19-Feb,2024,49,1075.79,0.12,9665204
20-Feb,2024,50,1075.85,0.06,9670088
21-Feb,2024,51,1075.95,0.1,9678228
22-Feb,2024,52,1076.08,0.13,9689000
23-Feb,2024,53,1076.17,0.09,9696000
24-Feb,2024,54,1076.37,0.2,9712482
25-Feb,2024,55,1076.5,0.13,9723088
26-Feb,2024,56,1076.58,0.08,9729627
27-Feb,2024,57,1076.6,0.02,9731262
28-Feb,2024,58,1076.54,-0.06,9726357
29-Feb,2024,59,1076.52,-0.02,9724722
1-Mar,2024,60,1076.55,0.03,9727175
2-Mar,2024,61,1076.45,-0.1,9719009
3-Mar,2024,62,1076.6,0.15,9731262
4-Mar,2024,63,1076.62,0.02,9732896
5-Mar,2024,64,1076.58,-0.04,9729627
6-Mar,2024,65,1076.47,-0.11,9720640
7-Mar,2024,66,1076.37,-0.1,9712482
8-Mar,2024,67,1076.34,-0.03,9710035
9-Mar,2024,68,1076.3,-0.04,9706772
10-Mar,2024,69,1076.32,0.02,9708403
11-Mar,2024,70,1076.29,-0.03,9705956
12-Mar,2024,71,1076.15,-0.14,9694535
13-Mar,2024,72,1076.05,-0.1,9686377
14-Mar,2024,73,1075.97,-0.08,9679856
15-Mar,2024,74,1075.92,-0.05,9675786
16-Mar,2024,75,1075.92,0,9675786
17-Mar,2024,76,1075.93,0.01,9676600
18-Mar,2024,77,1075.87,-0.06,9672000
19-Mar,2024,78,1075.75,-0.12,9661948
20-Mar,2024,79,1075.65,-0.1,9653808
21-Mar,2024,80,1075.62,-0.03,9651366
22-Mar,2024,81,1075.58,-0.04,9648110
23-Mar,2024,82,1075.57,-0.01,9647296
24-Mar,2024,83,1075.52,-0.05,9643226
25-Mar,2024,84,1075.53,0.01,9644040
26-Mar,2024,85,1075.53,0,9644040
27-Mar,2024,86,1075.45,-0.08,9637537
28-Mar,2024,87,1075.39,-0.06,9632663
29-Mar,2024,88,1075.32,-0.07,9626978
30-Mar,2024,89,1075.3,-0.02,9625354
31-Mar,2024,90,1075.35,0.05,9629415
1-Apr,2024,91,1075.33,-0.02,9627790
2-Apr,2024,92,1075.26,-0.07,9622000
3-Apr,2024,93,1075.16,-0.1,9613983
4-Apr,2024,94,1074.96,-0.2,9597744
5-Apr,2024,95,1074.76,-0.2,9581528
6-Apr,2024,96,1074.68,-0.08,9575042
7-Apr,2024,97,1074.66,-0.02,9573420
8-Apr,2024,98,1074.56,-0.1,9565312
9-Apr,2024,99,1074.45,-0.11,9556404
10-Apr,2024,100,1074.27,-0.18,9541845
11-Apr,2024,101,1074.12,-0.15,9529713
12-Apr,2024,102,1074.07,-0.05,9525669
13-Apr,2024,103,1074.06,-0.01,9524860
14-Apr,2024,104,1074.06,0,9524860
15-Apr,2024,105,1074.04,-0.02,9523243
16-Apr,2024,106,1073.93,-0.11,9514357
17-Apr,2024,107,1073.8,-0.13,9503864
18-Apr,2024,108,1073.69,-0.11,9494984
19-Apr,2024,109,1073.61,-0.08,9488527
20-Apr,2024,110,1073.54,-0.07,9482876
21-Apr,2024,111,1073.52,-0.02,9481262
22-Apr,2024,112,1073.36,-0.16,9468369
23-Apr,2024,113,1073.18,-0.18,9453868
24-Apr,2024,114,1073.02,-0.16,9441000
25-Apr,2024,115,1072.9,-0.12,9431330
26-Apr,2024,116,1072.77,-0.13,9420880
27-Apr,2024,117,1072.72,-0.05,9416861
28-Apr,2024,118,1072.66,-0.06,9412038
29-Apr,2024,119,1072.46,-0.2,9395969
30-Apr,2024,120,1072.24,-0.22,9378320
1-May,2024,121,1072.09,-0.15,9366287
2-May,2024,122,1071.91,-0.18,9351864
3-May,2024,123,1071.76,-0.15,9339858
4-May,2024,124,1071.56,-0.2,9323850
5-May,2024,125,1071.52,-0.04,9320648
6-May,2024,126,1071.35,-0.17,9307069
7-May,2024,127,1071.17,-0.18,9292694
8-May,2024,128,1070.89,-0.28,9270351
9-May,2024,129,1070.58,-0.31,9245644
10-May,2024,130,1070.36,-0.22,9228135
11-May,2024,131,1070.2,-0.16,9215412
12-May,2024,132,1070.06,-0.14,9204279